{
    "images":
    {
        "title":
        {
            "image" : "custommainmenu:textures/gui/minecraft.png",
            "posX" : -137,
            "posY" : 30,
            "width" : 512,
            "height" : 512,
            "alignment" : "top_center"
        },
        
        "edition":
        {
            "image" : "custommainmenu:textures/gui/steamtechmenu/stwe.png",
            "posX" : -49,
            "posY" : 67,
            "width" : 128,
            "height" : 16,
            "alignment" : "top_center"
        }/*,
		"discordimg":{
			"image":"custommainmenu:textures/gui/steamtechmenu/discord.png",
		    "posX" : -10,
            "posY" : 0,
			"posZ":2,
			"width" : 120,
            "height" : 60,
			"alignment" : "center"
		}*/
    },
    
    "buttons":
    {
        "singleplayer":
        {
            "text" : "menu.singleplayer",
            "posX" : -100,
            "posY" : 40,
            "width" : 98,
            "height" : 20,
            "action" : 
            {
                "type" : "openGui",
                "gui" : "singleplayer"
            }
        },
        
        "multiplayer":
        {
            "text" : "menu.multiplayer",
            "posX" : 2,
            "posY" : 40,
            "width" : 98,
            "height" : 20,
            "action" : 
            {
                "type" : "openGui",
                "gui" : "multiplayer"
            }
        },
		
		"discord":
		{
            "text" : "Join the official \u00A7cDiscord server \u00A7f!",
            "posX" : -100,
            "posY" : 64,
            "width" : 200,
            "height" : 20,
            "action" : 
            {
                "type" : "openLink",
                "link" : "https://discord.gg/zBdHqKy"
            }
        },
            
        "options":
        {
            "text" : "menu.options",
            "posX" : -100,
            "posY" : 88,
            "width" : 98,
            "height" : 20,
            "action" : 
            {
                "type" : "openGui",
                "gui" : "options"
            }
        },
		
		"mods":
        {
            "text" : "fml.menu.mods",
            "posX" : 2,
            "posY" : 88,
            "width" : 98,
            "height" : 20,
            "action" : 
            {
                "type" : "openGui",
                "gui" : "mods"
            }
        },
        
        "quit":
        {
            "text" : "menu.quit",
            "posX" : -100,
            "posY" : 112,
            "width" : 200,
            "height" : 20,
            "action" : 
            {
                "type" : "quit"
            }
        },
        
        "language":
        {
            "text" : "",
            "posX" : -124,
            "posY" : 88,
            "width" : 20,
            "height" : 20,
            "action" : 
            {
                "type" : "openGui",
                "gui" : "languages"
            }
        }/*,
        
        "refresh":
        {
            "text" : "",
            "posX" : -154,
            "posY" : 88,
            "width" : 20,
            "height" : 20,
            "texture" : "custommainmenu:textures/gui/buttons.png",
            "action" : 
            {
                "type" : "refresh"
            }
        }*/
    },
    
    "labels":
    {
        "mojang":
        {
            "text" : "Copyright Mojang AB. Do not distribute!",
            /*"hoverText" : "§nCopyright Mojang AB. Do not distribute!",*/
            "posX" : -197,
            "posY" : -10,
            "color" : -1,
            "alignment" : "bottom_right",
            "action" : 
            {
                "type" : "openGui",
                "gui" : "credits"
            }
        },
        
        "fml":
        {
            "text" : "",
            "posX" : 2,
            "posY" : -40,
            "color" : -1,
            "alignment" : "bottom_left"
        }
    },
    
    "other":
    {
        "splash-text":
        {
            "posX" : 90,
            "posY" : 70,
            "color" : -256,
            "alignment" : "top_center",
            "texts" : "file:minecraft:texts/splashes.txt"
        },
        
        "panorama":
        {
            "images" : "minecraft:textures/gui/title/background/panorama_%c.png",
            "animate" : true,
            "animationSpeed" : 1,
            "blur" : true,
            "gradient" : true
        }
    }
}